,minr,minc,maxr,maxc
0,257,2985,1609,4244
1,329,3678,348,3696
2,359,3545,366,3549
3,366,3550,368,3552
4,497,3702,500,3708
5,514,3655,555,3698
6,527,3830,529,3834
7,531,3824,538,3828
8,542,3699,578,3795
9,543,3660,721,3892
10,567,3805,574,3816
11,574,3459,591,3476
12,575,3491,581,3494
13,582,4249,910,4634
14,583,3500,619,3520
15,593,3888,597,3894
16,595,3761,596,3763
17,605,3474,663,3542
18,609,3668,610,3678
19,636,3914,1138,4306
20,640,3403,650,3426
21,641,3055,650,3077
22,645,3026,649,3040
23,649,3559,652,3565
24,653,2910,687,2995
25,656,3329,782,3471
26,662,2564,817,2878
27,666,3019,679,3037
28,672,4020,684,4029
29,675,2529,1183,3133
30,675,3478,678,3484
31,678,3324,707,3382
32,678,3975,731,4026
33,679,3536,698,3557
34,682,3573,683,3574
35,683,2910,729,3029
36,685,3575,703,3584
37,686,2883,699,2897
38,693,3814,699,3818
39,695,3049,703,3061
40,695,3302,696,3303
41,695,3844,739,3883
42,701,2531,705,2536
43,705,2468,706,2469
44,707,2240,793,2363
45,707,2307,874,2483
46,709,3558,716,3563
47,712,3724,727,3730
48,715,3816,729,3826
49,719,2831,772,2857
50,719,3078,725,3079
51,721,2483,853,2622
52,727,2187,793,2252
53,733,1052,2453,2846
54,742,3811,745,3814
55,751,3954,753,3955
56,754,3821,775,3843
57,767,2175,769,2177
58,767,3982,770,3986
59,772,2070,841,2131
60,774,3788,792,3801
61,779,2919,800,2946
62,786,2166,789,2169
63,786,3866,837,3918
64,788,3193,827,3227
65,792,4304,1227,4692
66,796,3849,798,3850
67,800,2917,801,2918
68,800,3790,825,3811
69,802,2402,803,2407
70,809,2290,811,2294
71,811,2235,962,2513
72,811,2909,835,2930
73,812,2175,826,2185
74,813,2139,823,2147
75,813,2407,824,2414
76,815,3717,852,3755
77,833,2284,855,2289
78,835,2906,841,2908
79,837,2738,846,2749
80,838,2047,950,2133
81,849,4604,854,4610
82,851,3182,857,3193
83,860,1811,872,1829
84,865,3940,893,3960
85,875,1227,902,1255
86,890,2097,892,2109
87,898,3400,906,3414
88,905,3243,913,3244
89,905,3134,1268,3393
90,923,2370,1100,2571
91,925,2833,930,2839
92,930,2263,941,2271
93,931,3233,933,3235
94,932,4039,937,4048
95,936,3081,942,3093
96,937,3371,955,3382
97,939,4307,954,4328
98,942,2836,1292,3128
99,953,2279,986,2300
100,955,2044,997,2096
101,955,3066,957,3070
102,962,2331,969,2335
103,964,3088,968,3091
104,966,2891,1023,2935
105,969,2258,971,2263
106,971,3791,973,3796
107,973,3617,1132,3799
108,974,2026,977,2027
109,976,2173,1057,2265
110,982,1146,988,1164
111,982,1183,988,1192
112,992,3351,994,3352
113,996,3134,1026,3156
114,997,1080,1071,1133
115,1001,2103,1245,2443
116,1004,2264,1059,2313
117,1005,3383,1053,3412
118,1008,2014,1009,2015
119,1020,3018,1021,3021
120,1028,2672,1030,2674
121,1030,2668,1033,2670
122,1031,3026,1085,3052
123,1036,2658,1037,2659
124,1040,2653,1059,2659
125,1048,3597,1054,3609
126,1049,2794,1135,2839
127,1050,1001,1231,1282
128,1050,3815,1122,3953
129,1054,3436,1068,3450
130,1054,3950,1287,4188
131,1059,2548,1090,2588
132,1061,2235,1062,2239
133,1062,2240,1063,2242
134,1065,1170,1070,1172
135,1072,2474,1154,2547
136,1084,1103,1085,1105
137,1090,2268,1094,2269
138,1096,1052,1099,1055
139,1099,1059,1101,1061
140,1103,1063,1120,1086
141,1103,3740,1106,3742
142,1108,2445,1150,2471
143,1116,2574,1136,2597
144,1119,2730,1125,2738
145,1120,4287,1130,4298
146,1128,4201,1143,4215
147,1133,4276,1148,4283
148,1136,3860,1328,4002
149,1137,2370,1297,2574
150,1138,2801,1142,2805
151,1140,1283,1146,1291
152,1140,1924,1243,2045
153,1149,2690,1401,3067
154,1151,4283,1170,4289
155,1153,4086,1429,4347
156,1155,3646,1221,3667
157,1161,2078,1175,2082
158,1162,4572,1325,4693
159,1170,2546,1311,2675
160,1173,2667,1202,2688
161,1177,2064,1190,2074
162,1182,2197,1191,2213
163,1187,2115,1197,2128
164,1187,3834,1204,3849
165,1189,2140,1200,2156
166,1191,3146,1194,3151
167,1195,4195,1223,4208
168,1200,2767,1202,2768
169,1201,2161,1234,2188
170,1202,2095,1215,2099
171,1206,2215,1236,2225
172,1206,4453,1240,4484
173,1217,3523,1225,3524
174,1218,2022,1277,2079
175,1221,3840,1231,3852
176,1222,3773,1225,3775
177,1228,967,1489,1257
178,1228,2127,1234,2129
179,1228,4507,1234,4509
180,1231,4240,1676,4581
181,1231,4539,1686,4739
182,1232,3095,1235,3096
183,1236,4364,1242,4377
184,1241,3443,1623,4106
185,1242,2348,1268,2363
186,1242,3108,1272,3131
187,1243,4485,1249,4486
188,1244,4489,1313,4535
189,1246,3994,1347,4137
190,1248,2931,1249,2932
191,1250,2081,1281,2139
192,1250,2158,1268,2187
193,1250,3147,1266,3148
194,1252,2269,1254,2270
195,1255,4468,1257,4469
196,1257,1979,1265,1984
197,1257,1976,1604,2445
198,1259,2209,1263,2212
199,1260,3067,1268,3092
200,1264,2208,1265,2209
201,1270,3020,1314,3065
202,1272,3136,1334,3168
203,1276,3657,1280,3663
204,1278,3037,1799,3461
205,1282,3070,1331,3119
206,1287,953,1288,954
207,1291,1494,1316,1511
208,1295,4348,1323,4363
209,1304,2132,1306,2133
210,1307,2686,1322,2692
211,1307,2961,1312,2969
212,1309,2400,1499,2648
213,1317,3647,1329,3654
214,1321,2661,1341,2683
215,1321,3974,1328,3981
216,1322,4536,1325,4542
217,1329,938,1338,945
218,1329,3966,1335,3972
219,1337,3105,1358,3118
220,1347,2647,1356,2654
221,1351,3967,1685,4303
222,1359,868,1510,1017
223,1361,3128,1369,3138
224,1365,3068,1378,3101
225,1367,2664,1370,2667
226,1367,2611,1588,2891
227,1373,4329,1385,4334
228,1378,3022,1420,3062
229,1387,2895,1492,3063
230,1395,926,1397,928
231,1409,1124,1435,1168
232,1411,2887,1420,2894
233,1420,1213,1443,1233
234,1425,2828,1435,2836
235,1427,2054,1435,2058
236,1427,2910,1431,2916
237,1432,602,2216,1295
238,1439,4561,1449,4568
239,1450,2854,1651,3071
240,1454,1633,1468,1649
241,1463,2907,1467,2909
242,1464,3486,1465,3488
243,1468,1032,1501,1066
244,1469,2899,1470,2901
245,1471,2512,1473,2513
246,1478,2530,1485,2542
247,1486,1680,1491,1682
248,1489,1614,1527,1640
249,1489,1629,1807,1999
250,1491,2598,1501,2603
251,1493,2421,1499,2433
252,1503,2481,1504,2482
253,1505,4590,1538,4604
254,1507,2536,1524,2548
255,1508,2504,1517,2505
256,1508,2847,1515,2848
257,1510,2561,1567,2593
258,1511,1825,1517,1827
259,1514,2812,1524,2824
260,1515,2359,1932,2654
261,1519,2812,1567,2853
262,1519,3949,1529,3965
263,1525,993,1526,999
264,1526,2801,1529,2809
265,1527,1033,1553,1044
266,1530,3302,1536,3307
267,1530,4668,1632,4756
268,1531,3439,1860,3986
269,1540,4653,1580,4663
270,1546,3089,1552,3093
271,1553,4560,1561,4570
272,1555,981,1567,988
273,1560,1775,1584,1813
274,1561,1738,1573,1749
275,1563,810,1565,811
276,1568,1514,1726,1750
277,1571,989,1578,998
278,1581,4533,1594,4550
279,1594,1644,1595,1646
280,1596,1650,1603,1654
281,1603,4525,1604,4527
282,1605,4365,1611,4376
283,1607,4616,1681,4723
284,1612,3008,1695,3051
285,1618,3400,1655,3434
286,1623,3893,1637,3902
287,1628,4120,1884,4340
288,1631,3438,1737,3548
289,1632,4532,1638,4534
290,1636,2845,1639,2849
291,1638,2758,1861,3039
292,1640,1542,1673,1570
293,1642,3966,1704,4066
294,1642,4067,1646,4072
295,1646,4569,1903,4787
296,1650,1408,2096,1750
297,1651,1747,1661,1756
298,1652,2776,1667,2783
299,1658,3122,1686,3136
300,1662,4095,1751,4166
301,1662,4268,2034,4599
302,1663,3993,1955,4156
303,1669,4327,1678,4336
304,1674,2790,1676,2792
305,1674,2876,1691,2887
306,1675,4510,1701,4534
307,1676,2991,1690,2996
308,1683,2558,1684,2567
309,1689,3052,1827,3179
310,1692,4312,1700,4317
311,1701,3202,1712,3213
312,1707,1566,1732,1588
313,1707,1980,1743,2044
314,1713,3044,1714,3045
315,1723,726,1731,746
316,1732,3185,1736,3189
317,1735,1355,1787,1412
318,1737,1655,1738,1656
319,1740,4618,1742,4624
320,1743,1612,1817,1649
321,1744,3421,1750,3436
322,1747,1558,1749,1560
323,1749,1944,1750,1953
324,1752,3162,1786,3211
325,1754,1955,1755,1956
326,1755,1959,1757,1961
327,1757,1876,1780,1901
328,1757,2020,1760,2024
329,1762,3397,1763,3398
330,1765,3319,1946,3447
331,1768,4591,1772,4595
332,1777,3402,1994,3595
333,1778,1765,1992,2007
334,1778,2002,1782,2007
335,1783,2771,1785,2773
336,1788,1864,1794,1874
337,1789,2696,2081,2903
338,1798,3110,1865,3171
339,1798,3593,1809,3605
340,1799,3235,1802,3250
341,1800,1877,1801,1879
342,1802,3252,1803,3254
343,1803,1404,1804,1405
344,1803,3050,2094,3358
345,1803,4547,1826,4564
346,1807,3029,1821,3043
347,1809,2860,1812,2862
348,1816,1682,1821,1685
349,1817,1437,1819,1438
350,1817,3299,1820,3305
351,1818,4723,1864,4751
352,1819,2620,1822,2624
353,1822,2913,2036,3115
354,1823,1688,1824,1689
355,1825,3360,1839,3370
356,1827,3985,1841,4004
357,1828,3668,1831,3669
358,1832,1964,2157,2285
359,1833,3734,1912,3808
360,1835,2085,1859,2107
361,1835,2340,1852,2354
362,1835,2838,1841,2845
363,1840,3300,1841,3301
364,1841,3135,2780,3814
365,1849,3524,1874,3534
366,1851,4785,1858,4791
367,1854,3774,2102,4067
368,1858,3308,1860,3310
369,1865,3845,1871,3864
370,1873,2881,1885,2900
371,1878,4276,1891,4306
372,1883,1735,1884,1736
373,1886,2717,1893,2725
374,1891,4493,2210,4830
375,1892,3705,1895,3707
376,1896,4246,1912,4262
377,1902,1722,1980,1814
378,1909,4070,2041,4241
379,1911,4549,1944,4568
380,1919,4575,1937,4615
381,1921,4020,1922,4021
382,1936,3335,1937,3336
383,1937,3064,1953,3088
384,1943,3325,1944,3326
385,1943,3703,2064,3793
386,1954,3429,1958,3433
387,1957,3455,1963,3459
388,1961,3293,2011,3366
389,1961,3913,2307,4294
390,1963,1687,2177,1948
391,1963,3413,1964,3414
392,1968,3299,1970,3304
393,1971,4237,2520,4515
394,1976,3429,2005,3461
395,1977,3690,1979,3695
396,1979,1439,2011,1499
397,1982,2715,2010,2732
398,1983,3250,1988,3263
399,1983,3370,2005,3392
400,1990,4439,2026,4472
401,1991,3570,2013,3632
402,1995,1926,2022,1960
403,1998,3229,2001,3232
404,2002,582,2003,584
405,2003,3283,2011,3292
406,2005,3393,2047,3443
407,2006,3027,2012,3038
408,2007,2328,2010,2336
409,2008,3923,2020,3936
410,2010,2325,2011,2326
411,2013,2982,2048,3033
412,2018,3829,2022,3830
413,2022,500,2341,791
414,2024,3342,2107,3447
415,2024,4470,2162,4600
416,2025,2303,2064,2335
417,2026,3459,2029,3464
418,2028,2170,2363,2570
419,2032,3526,2054,3538
420,2039,2891,2048,2921
421,2041,4383,2305,4601
422,2046,2795,2050,2797
423,2046,3496,2047,3497
424,2048,3472,2057,3489
425,2050,3788,2057,3803
426,2052,3036,2055,3039
427,2056,3154,2099,3224
428,2062,2398,2621,3033
429,2066,3510,2387,3968
430,2071,2323,2089,2339
431,2076,4572,2344,4769
432,2080,3896,2123,3962
433,2082,3538,2083,3542
434,2083,2814,2084,2815
435,2084,3598,2166,3656
436,2092,1590,2341,1845
437,2093,3984,2095,3987
438,2094,2596,2101,2606
439,2094,3239,2098,3242
440,2095,3972,2113,3980
441,2096,799,2098,804
442,2099,3505,2101,3510
443,2102,3087,2134,3142
444,2103,3055,2104,3057
445,2104,3514,2106,3525
446,2110,1099,2120,1118
447,2112,2620,2149,2705
448,2113,4682,2125,4685
449,2114,3995,2117,3999
450,2117,3157,2125,3190
451,2121,1918,2197,2004
452,2121,3842,2158,3864
453,2123,2099,2151,2118
454,2127,1949,2131,1954
455,2131,861,2185,900
456,2134,1945,2137,1946
457,2136,2937,2513,3155
458,2142,3020,2160,3040
459,2144,3953,2153,3971
460,2148,4819,2174,4836
461,2150,2847,2151,2848
462,2151,3820,2228,3955
463,2152,2663,2160,2672
464,2153,1551,2236,1594
465,2153,3986,2163,3993
466,2158,4789,2161,4797
467,2159,2019,2166,2025
468,2161,935,2163,936
469,2162,2057,2443,2316
470,2166,2690,2167,2693
471,2167,1856,2193,1879
472,2168,3113,2360,3297
473,2170,2128,2185,2139
474,2174,3469,2277,3616
475,2183,1820,2557,2087
476,2192,1095,2205,1101
477,2192,4816,2238,4847
478,2195,482,2196,483
479,2201,818,2477,1092
480,2202,854,2215,859
481,2203,809,2211,825
482,2203,1053,2207,1057
483,2204,3112,2230,3136
484,2205,2146,2210,2154
485,2212,603,2336,740
486,2217,4569,2219,4570
487,2220,4800,2229,4804
488,2227,1030,2257,1075
489,2228,878,2231,880
490,2228,2920,2245,2926
491,2232,1313,2677,1728
492,2234,3107,2238,3111
493,2237,3215,2240,3223
494,2241,4785,2243,4787
495,2244,4787,2245,4788
496,2246,445,2281,507
497,2246,2916,2248,2917
498,2246,3830,2265,3858
499,2249,4178,2269,4216
500,2258,1552,2309,1579
501,2260,3393,2262,3395
502,2260,4575,2964,4915
503,2261,3975,2415,4088
504,2267,3397,2277,3412
505,2267,3807,2282,3823
506,2269,4281,2310,4315
507,2271,508,2275,511
508,2271,3434,2294,3461
509,2271,4219,2354,4305
510,2273,3996,2574,4293
511,2274,681,2653,1001
512,2284,303,2596,520
513,2284,795,2320,819
514,2284,4759,2341,4783
515,2290,3485,2302,3494
516,2295,4570,2297,4580
517,2300,705,2305,708
518,2303,844,2314,858
519,2306,4796,2326,4829
520,2307,4545,2311,4548
521,2311,1645,2422,1893
522,2311,4718,2313,4719
523,2313,4576,2315,4581
524,2314,4537,2316,4540
525,2316,3251,2396,3297
526,2317,4716,2318,4717
527,2318,3701,2334,3716
528,2321,839,2323,842
529,2322,3716,2679,4071
530,2323,3308,2327,3310
531,2324,3906,2345,3922
532,2327,3089,2347,3103
533,2327,4742,2330,4743
534,2332,3311,2385,3366
535,2336,4311,2340,4313
536,2338,3525,2456,3726
537,2339,3169,2354,3177
538,2340,402,2351,416
539,2342,492,2567,691
540,2347,4436,2581,4785
541,2352,500,2376,540
542,2352,684,2354,685
543,2357,4217,2390,4241
544,2360,3170,2537,3337
545,2362,4764,2367,4777
546,2365,2346,2372,2350
547,2375,2383,2378,2386
548,2382,2368,2385,2373
549,2383,534,2386,539
550,2393,3744,2394,3745
551,2394,3983,2398,3985
552,2396,2212,2691,2536
553,2396,4304,2411,4321
554,2400,980,3096,1338
555,2403,3732,2421,3743
556,2406,4759,2438,4811
557,2407,4352,2408,4354
558,2408,4271,2439,4342
559,2408,4424,2442,4457
560,2420,1715,2424,1717
561,2422,3743,2425,3744
562,2428,2102,2496,2205
563,2429,1996,2441,2003
564,2432,1639,3292,1985
565,2433,1776,2434,1778
566,2437,1864,3440,2802
567,2440,4458,2446,4465
568,2441,1779,2453,1805
569,2441,3936,2460,3951
570,2442,4239,2471,4308
571,2442,4319,2604,4437
572,2461,3485,2462,3486
573,2466,4789,2468,4803
574,2473,4592,2543,4726
575,2475,2484,2496,2498
576,2478,961,2491,984
577,2487,4499,2696,4796
578,2491,1002,2493,1011
579,2494,2645,3198,3302
580,2501,4285,2539,4311
581,2503,4014,2519,4031
582,2516,3095,2517,3099
583,2519,3119,2526,3133
584,2531,4814,2533,4815
585,2545,4551,2549,4559
586,2549,4584,2553,4588
587,2552,4117,2556,4119
588,2553,4563,2572,4582
589,2556,4281,2582,4295
590,2558,3475,3568,4456
591,2559,3534,2623,3583
592,2568,436,3058,967
593,2573,4093,2584,4108
594,2577,3866,2582,3876
595,2580,266,2778,421
596,2585,1190,3249,1743
597,2600,3838,2745,3927
598,2600,4472,2602,4478
599,2601,428,2613,436
600,2602,4439,2611,4464
601,2609,3745,2645,3817
602,2609,4178,2619,4188
603,2610,464,2616,468
604,2610,3610,2682,3747
605,2612,3856,2613,3857
606,2637,3557,2649,3596
607,2643,4267,2691,4297
608,2644,3904,2661,3936
609,2647,698,2648,699
610,2647,3832,2670,3850
611,2648,4355,2927,4594
612,2650,2451,2662,2460
613,2653,2607,2671,2643
614,2656,4310,2706,4352
615,2660,3794,2668,3801
616,2692,2364,2699,2369
617,2697,3454,2935,3629
618,2699,1570,2706,1583
619,2725,4853,2903,4945
620,2734,3153,2960,3319
621,2736,1711,2745,1720
622,2753,4671,2773,4686
623,2762,3371,2807,3428
624,2769,3443,2775,3459
625,2775,430,2780,433
626,2777,4537,2800,4549
627,2781,1901,2796,1914
628,2790,300,3102,500
629,2790,3331,2832,3358
630,2800,4028,2849,4092
631,2806,4573,2837,4615
632,2829,3364,2830,3365
633,2829,3321,3109,3610
634,2835,4861,2836,4866
635,2836,3091,2872,3122
636,2852,540,2857,554
637,2862,3318,2904,3338
638,2871,4835,2872,4838
639,2873,1862,2874,1865
640,2873,3665,3340,4144
641,2874,516,2880,520
642,2875,4806,2879,4807
643,2876,3286,2882,3298
644,2882,4804,2885,4806
645,2890,4757,3112,4932
646,2893,4694,2975,4810
647,2899,4529,2963,4602
648,2903,3097,2908,3103
649,2904,3120,2913,3127
650,2909,3328,2910,3329
651,2910,4498,2916,4521
652,2923,3699,2945,3709
653,2923,4929,2992,4953
654,2924,652,2936,654
655,2927,3167,2945,3197
656,2930,4399,3183,4792
657,2936,866,3891,1244
658,2947,3218,2952,3232
659,2959,2938,2973,2953
660,2966,4532,2985,4564
661,2974,511,3139,657
662,2975,3171,2981,3176
663,2977,481,2985,492
664,2979,3299,3013,3330
665,2983,4176,3151,4383
666,2999,4666,3005,4670
667,3004,3444,3008,3446
668,3014,3440,3015,3441
669,3017,731,3020,739
670,3021,1184,3023,1186
671,3022,717,3027,723
672,3023,437,4054,968
673,3028,3294,3157,3525
674,3028,4150,3046,4184
675,3029,537,3032,539
676,3032,4624,4761,5105
677,3036,4433,3038,4438
678,3044,1178,3062,1193
679,3046,1443,3057,1451
680,3048,546,3052,549
681,3050,373,3428,529
682,3050,1213,3075,1230
683,3056,541,3057,543
684,3060,1440,3061,1441
685,3063,1430,3080,1440
686,3067,672,3084,677
687,3071,3499,3081,3504
688,3078,1794,3543,2037
689,3083,841,3088,849
690,3088,4975,3094,4977
691,3089,2852,3596,3171
692,3090,1141,3220,1350
693,3094,4834,3232,4969
694,3101,446,3294,696
695,3107,812,3411,1008
696,3111,1323,3114,1330
697,3111,4376,3207,4432
698,3121,3543,3122,3544
699,3122,3602,3123,3603
700,3123,3544,3124,3545
701,3125,1586,3155,1626
702,3132,2016,3171,2047
703,3132,3192,3195,3304
704,3134,1572,3431,1780
705,3138,391,3142,392
706,3141,4129,3210,4173
707,3142,3493,3150,3519
708,3149,810,3152,812
709,3150,1536,3176,1549
710,3153,3393,3189,3434
711,3159,4144,3459,4410
712,3160,3268,3425,3433
713,3168,3090,3613,3366
714,3168,3312,3185,3322
715,3173,2015,3251,2067
716,3176,1557,3232,1611
717,3176,4264,3712,4651
718,3182,3450,3192,3473
719,3190,3432,3253,3463
720,3190,3408,3627,3679
721,3193,3473,3194,3474
722,3195,3474,3196,3475
723,3201,1115,3843,1734
724,3212,2026,3818,2898
725,3219,3259,3238,3264
726,3219,3476,3221,3482
727,3226,2072,3232,2079
728,3226,2836,3234,2843
729,3228,4131,3237,4136
730,3228,4414,3240,4421
731,3235,2847,3237,2848
732,3243,603,3244,604
733,3243,4074,3273,4133
734,3245,541,3302,603
735,3247,1573,3248,1574
736,3254,2071,3255,2073
737,3255,2852,3390,3021
738,3255,3255,3331,3283
739,3256,458,3272,468
740,3260,1554,3265,1555
741,3267,1548,3272,1554
742,3273,1535,3277,1543
743,3276,4431,3282,4439
744,3286,4381,3345,4427
745,3289,3989,3485,4184
746,3290,518,3421,654
747,3303,2775,3312,2796
748,3311,979,3317,984
749,3317,2250,3340,2271
750,3318,892,3523,1064
751,3321,663,3325,670
752,3322,1048,3323,1049
753,3333,3646,3554,3866
754,3334,3382,3376,3430
755,3337,3891,3339,3892
756,3340,1793,3355,1812
757,3345,4424,3346,4425
758,3349,2269,3384,2296
759,3352,3010,3353,3011
760,3356,3998,3367,4008
761,3377,4376,3400,4403
762,3384,3279,3394,3290
763,3397,2810,3600,2966
764,3398,506,3402,510
765,3402,3626,3482,3676
766,3406,1958,3805,2230
767,3407,876,3412,880
768,3407,3387,3409,3388
769,3410,3369,3415,3381
770,3414,4373,3438,4388
771,3415,644,3416,646
772,3416,3305,3465,3391
773,3422,958,3434,975
774,3422,1778,3453,1806
775,3431,3113,3446,3125
776,3438,562,3449,579
777,3438,1652,3450,1673
778,3439,1077,3443,1080
779,3444,440,3448,453
780,3446,4166,3744,4323
781,3452,3684,3453,3685
782,3455,3687,3457,3689
783,3455,4206,3456,4217
784,3456,515,3504,545
785,3458,1073,3465,1078
786,3463,1722,3817,1945
787,3466,570,3468,573
788,3468,3670,3469,3671
789,3472,484,3801,789
790,3475,2303,3773,2585
791,3478,1039,3494,1050
792,3484,3384,3498,3393
793,3487,4017,3488,4019
794,3489,4217,3496,4239
795,3499,3886,3818,4231
796,3501,3427,3503,3431
797,3503,3409,3508,3426
798,3505,993,3506,994
799,3505,961,3731,1134
800,3511,2891,3729,3077
801,3513,1880,3528,1884
802,3513,3347,3519,3361
803,3519,3320,3699,3508
804,3520,4326,3528,4344
805,3522,2192,3528,2200
806,3525,3594,3686,3717
807,3528,971,3542,974
808,3532,1247,3539,1248
809,3538,1893,3539,1894
810,3539,991,3540,992
811,3543,3337,3565,3348
812,3557,1985,3561,1988
813,3559,3690,3974,3907
814,3564,1926,3593,1953
815,3564,2359,3571,2367
816,3568,1969,3570,1970
817,3582,3718,3583,3719
818,3586,3513,3590,3514
819,3587,3221,3772,3351
820,3591,3120,3601,3138
821,3592,764,3702,862
822,3593,3507,3595,3509
823,3597,1960,3624,1983
824,3604,4216,3612,4229
825,3609,3036,3772,3204
826,3621,3523,3635,3536
827,3630,3215,3635,3218
828,3631,1720,3636,1728
829,3632,1198,3636,1202
830,3639,2274,3645,2276
831,3643,2621,3645,2626
832,3645,4480,3672,4504
833,3646,1004,3647,1005
834,3646,1750,3651,1751
835,3655,3311,3917,3667
836,3663,2267,3707,2294
837,3670,3516,3679,3530
838,3671,4517,3676,4526
839,3673,4476,3676,4477
840,3679,3512,3682,3514
841,3680,3685,3681,3687
842,3682,3220,3693,3226
843,3683,4005,4166,4446
844,3685,724,3806,849
845,3686,2776,4045,3133
846,3687,2249,3694,2252
847,3687,4451,3973,4736
848,3689,4373,3717,4390
849,3693,3642,3905,3781
850,3694,3218,3695,3220
851,3695,2675,3834,2793
852,3697,1937,3700,1940
853,3697,3444,3705,3450
854,3698,3151,3703,3154
855,3701,1413,5710,3131
856,3704,1324,3910,1569
857,3704,3149,3713,3151
858,3712,652,3731,698
859,3718,2058,3765,2108
860,3718,4412,3739,4438
861,3721,3148,3867,3295
862,3726,986,3727,997
863,3727,942,3981,1126
864,3732,3135,3739,3138
865,3733,2127,3749,2139
866,3733,2524,3734,2525
867,3734,2527,3750,2542
868,3738,1509,4046,1693
869,3739,1169,3741,1173
870,3740,2932,3748,2941
871,3741,2963,3746,2973
872,3742,2784,3752,2795
873,3745,1931,3789,1973
874,3747,1128,3751,1130
875,3749,1087,3762,1104
876,3751,3316,3754,3317
877,3752,3102,3769,3123
878,3753,2945,3754,2946
879,3754,1138,3789,1171
880,3755,3741,3756,3742
881,3758,1234,3760,1235
882,3762,499,3764,500
883,3767,500,3768,501
884,3768,1885,3785,1923
885,3771,2954,3776,2965
886,3774,502,3785,505
887,3774,3125,3788,3152
888,3778,1890,3989,2145
889,3786,3770,3797,3776
890,3787,1726,3794,1734
891,3789,1688,3796,1705
892,3793,2384,4052,2719
893,3794,852,3796,855
894,3796,1832,3828,1889
895,3801,2446,3829,2470
896,3806,3835,4368,4131
897,3807,2807,3811,2811
898,3810,1249,3816,1258
899,3815,2030,3833,2058
900,3820,1736,3822,1742
901,3822,2792,3841,2797
902,3825,1827,3830,1833
903,3833,1749,4022,1900
904,3835,3304,3854,3316
905,3840,2751,3841,2752
906,3842,3129,3966,3165
907,3843,2715,4021,2798
908,3845,1154,3853,1172
909,3849,3236,3856,3245
910,3853,1132,3919,1153
911,3856,1239,3865,1254
912,3856,3292,3868,3303
913,3858,1318,3860,1319
914,3859,2405,3864,2414
915,3861,1303,3874,1315
916,3864,3222,3872,3224
917,3869,3288,4053,3525
918,3872,3120,4208,3399
919,3872,3767,3944,3793
920,3879,1284,3886,1287
921,3882,3304,3883,3305
922,3887,1220,3894,1228
923,3890,1653,3941,1679
924,3894,615,4977,1667
925,3896,3630,4227,3959
926,3897,978,3902,984
927,3899,1246,3906,1249
928,3900,795,3904,800
929,3901,1267,3959,1337
930,3902,1480,3911,1493
931,3902,2379,3903,2381
932,3904,567,3911,586
933,3906,1250,3914,1255
934,3912,1510,3919,1516
935,3913,2252,4005,2348
936,3913,2856,3920,2870
937,3914,3570,3986,3627
938,3918,1229,3920,1230
939,3918,1337,4021,1466
940,3921,578,4219,943
941,3924,2289,4421,2955
942,3933,1485,3937,1486
943,3937,1498,3958,1530
944,3939,4653,3940,4654
945,3940,2362,3993,2386
946,3944,917,3980,970
947,3944,1165,3946,1170
948,3944,1656,3955,1661
949,3945,3672,3975,3690
950,3945,4439,4270,4663
951,3954,2960,3955,2967
952,3962,3397,4292,3625
953,3964,3761,3972,3768
954,3966,996,3983,1007
955,3967,5030,4010,5062
956,3969,1091,3986,1109
957,3972,684,3987,723
958,3974,1324,3975,1325
959,3977,3150,3989,3155
960,3979,1456,3981,1459
961,3983,680,4216,1129
962,3983,5063,4014,5081
963,3988,3357,3993,3360
964,3989,1048,4002,1071
965,3994,1727,4004,1737
966,4000,4888,4023,4939
967,4002,2903,4118,3023
968,4009,2362,4022,2370
969,4013,3070,4022,3100
970,4016,1834,4025,1838
971,4021,3102,4027,3105
972,4022,2305,4023,2307
973,4023,2377,4029,2385
974,4024,2318,4045,2344
975,4024,3504,4026,3506
976,4028,4396,4087,4445
977,4035,884,4040,894
978,4035,3488,4038,3489
979,4040,3389,4041,3392
980,4044,2345,4110,2457
981,4059,2839,4303,3191
982,4061,4240,4167,4337
983,4063,906,4069,911
984,4066,1355,4271,1539
985,4066,3114,4091,3128
986,4068,850,4070,857
987,4070,4347,4104,4389
988,4072,1416,4076,1422
989,4075,747,4080,755
990,4075,3373,4107,3383
991,4101,1113,4103,1116
992,4101,2049,4312,2367
993,4104,755,4105,763
994,4107,692,4128,706
995,4110,1441,5208,2405
996,4118,4602,4554,4923
997,4121,766,4129,771
998,4122,1543,4233,1704
999,4124,4373,4186,4493
1000,4127,3172,4302,3298
1001,4129,3385,4156,3397
1002,4132,1619,4133,1625
1003,4141,1558,4143,1560
1004,4163,2373,4164,2374
1005,4163,4256,4427,4540
1006,4174,3297,4303,3444
1007,4183,990,4184,991
1008,4183,4155,4282,4256
1009,4184,4922,4278,4991
1010,4189,4166,4191,4172
1011,4192,4141,4198,4155
1012,4195,3104,4253,3171
1013,4196,682,4223,731
1014,4197,3447,4226,3475
1015,4200,939,4703,1348
1016,4200,3654,4201,3655
1017,4202,3909,4204,3913
1018,4205,1702,4257,1751
1019,4205,3075,5266,3801
1020,4213,803,4220,806
1021,4217,612,4325,804
1022,4220,809,4222,813
1023,4221,1756,4223,1758
1024,4221,2808,4227,2819
1025,4227,2766,4246,2801
1026,4231,2838,4232,2839
1027,4231,2749,4494,3112
1028,4231,4116,4307,4203
1029,4231,4938,4247,4942
1030,4234,1245,4241,1247
1031,4235,2825,4243,2837
1032,4236,1686,4240,1690
1033,4240,2471,4246,2477
1034,4240,2992,4608,3443
1035,4240,3474,4251,3480
1036,4256,1677,4271,1693
1037,4257,3685,4504,3941
1038,4258,2015,4266,2021
1039,4261,3533,4262,3535
1040,4269,1139,4282,1145
1041,4270,3472,4355,3534
1042,4275,3304,4280,3313
1043,4277,3536,4296,3539
1044,4277,4050,4622,4434
1045,4279,4531,4324,4581
1046,4281,4961,4282,4962
1047,4283,3265,4330,3318
1048,4283,4589,4293,4619
1049,4283,4947,4348,4963
1050,4298,2773,4305,2784
1051,4304,2885,4349,2927
1052,4306,3436,4311,3450
1053,4308,3253,4309,3255
1054,4316,2188,4318,2191
1055,4316,3302,4450,3422
1056,4318,2765,4322,2768
1057,4325,4171,4328,4173
1058,4326,3082,4344,3091
1059,4326,4293,4361,4341
1060,4328,3433,4400,3479
1061,4330,2707,4384,2748
1062,4332,4140,4338,4146
1063,4332,4574,4333,4575
1064,4336,1277,4338,1279
1065,4338,3273,4344,3285
1066,4338,4579,4345,4586
1067,4340,1279,4342,1281
1068,4340,4537,4364,4558
1069,4343,4172,4354,4183
1070,4348,3074,4356,3077
1071,4353,936,4407,1009
1072,4353,4557,4399,4615
1073,4358,1087,4368,1096
1074,4362,4349,4384,4377
1075,4363,1244,4374,1255
1076,4376,1026,4386,1037
1077,4379,3080,4380,3081
1078,4380,3939,4484,4031
1079,4384,3916,4406,3932
1080,4384,4402,4688,4705
1081,4386,2734,4388,2739
1082,4397,2532,4443,2600
1083,4403,4024,4433,4033
1084,4406,973,4418,1011
1085,4406,4579,4416,4588
1086,4409,2331,4411,2336
1087,4411,2675,4414,2677
1088,4413,951,4414,952
1089,4414,2340,4448,2403
1090,4414,2636,4476,2684
1091,4419,4620,4420,4621
1092,4420,2507,4839,2977
1093,4422,3022,4423,3024
1094,4427,3805,4542,3968
1095,4427,4596,4430,4602
1096,4431,3437,4432,3438
1097,4432,4971,4441,4975
1098,4433,2216,4465,2271
1099,4433,3439,4436,3441
1100,4437,2606,4442,2612
1101,4453,3568,4894,4039
1102,4455,3066,4462,3083
1103,4461,979,4463,984
1104,4465,2971,4494,3032
1105,4466,2296,4468,2298
1106,4474,2384,4475,2387
1107,4476,3715,4477,3716
1108,4477,3999,4515,4050
1109,4480,1204,4765,1592
1110,4481,3225,4507,3256
1111,4482,2277,4500,2317
1112,4483,1295,4534,1358
1113,4483,2281,4595,2400
1114,4484,3715,4514,3745
1115,4489,2400,4501,2422
1116,4490,4536,4505,4549
1117,4493,3046,4498,3051
1118,4496,2925,4504,2935
1119,4502,3363,4528,3387
1120,4503,4083,4558,4096
1121,4503,4690,4517,4693
1122,4505,4518,4511,4530
1123,4506,4025,4576,4070
1124,4508,1255,4509,1256
1125,4511,2384,4513,2386
1126,4514,3189,4540,3237
1127,4517,2369,4518,2370
1128,4517,4482,4534,4491
1129,4522,3253,4538,3259
1130,4523,4669,4896,4925
1131,4526,4381,4552,4413
1132,4527,3065,4859,3365
1133,4534,2450,4540,2459
1134,4541,2979,4578,3009
1135,4542,2447,4546,2448
1136,4544,1116,4679,1285
1137,4544,3261,4545,3262
1138,4545,3263,4553,3268
1139,4546,2414,4562,2444
1140,4547,1181,4554,1190
1141,4548,4007,4876,4668
1142,4552,4000,4584,4030
1143,4560,4965,4604,4983
1144,4567,2846,4942,3108
1145,4569,3991,4675,4142
1146,4571,2391,4572,2393
1147,4574,4362,4641,4410
1148,4575,4116,4579,4122
1149,4583,3014,4586,3015
1150,4590,3023,4631,3043
1151,4591,4047,4594,4049
1152,4601,1146,4632,1158
1153,4604,3110,4619,3132
1154,4612,2375,4617,2380
1155,4621,1002,4635,1016
1156,4631,4082,4747,4173
1157,4641,971,4644,972
1158,4645,4415,4647,4417
1159,4667,3593,4668,3594
1160,4670,4079,4674,4081
1161,4670,4099,4680,4106
1162,4680,4117,4683,4120
1163,4682,2395,4689,2406
1164,4683,1096,4813,1250
1165,4685,3991,4687,3994
1166,4694,3926,4800,4080
1167,4703,3051,4711,3061
1168,4706,2515,4710,2520
1169,4712,1250,4713,1251
1170,4714,2514,4715,2515
1171,4715,1192,4749,1241
1172,4715,1241,4718,1247
1173,4719,2855,4748,2872
1174,4728,1610,4742,1618
1175,4731,3802,4968,3978
1176,4734,3306,5100,3792
1177,4751,3171,4762,3187
1178,4755,2848,4758,2851
1179,4763,4130,4765,4143
1180,4772,2088,4778,2106
1181,4774,2111,4775,2113
1182,4776,4886,4966,4945
1183,4779,1243,5168,1724
1184,4781,2859,4783,2860
1185,4782,2368,4820,2403
1186,4782,4614,4797,4650
1187,4785,4134,4786,4138
1188,4795,2236,5092,2361
1189,4813,4654,4823,4675
1190,4816,4183,4943,4386
1191,4818,2241,4875,2283
1192,4820,4688,4839,4702
1193,4823,1241,4834,1251
1194,4834,4612,4836,4613
1195,4836,3990,4838,3992
1196,4838,1261,4839,1263
1197,4840,2814,4848,2820
1198,4840,4622,4952,4703
1199,4841,3128,4843,3129
1200,4842,1228,4843,1229
1201,4842,3614,4849,3627
1202,4852,3032,5044,3212
1203,4853,3075,4868,3079
1204,4861,4399,5460,4893
1205,4863,3970,5005,4017
1206,4866,4518,4867,4519
1207,4870,2098,4953,2157
1208,4871,4431,4877,4435
1209,4880,2394,4929,2450
1210,4880,4512,4949,4630
1211,4884,4088,4898,4102
1212,4887,3984,5362,4475
1213,4888,2170,5005,2238
1214,4890,3004,4894,3009
1215,4890,3685,4924,3724
1216,4897,2201,4903,2204
1217,4907,2474,4911,2478
1218,4922,1215,4930,1218
1219,4923,4203,4934,4209
1220,4926,3417,4927,3418
1221,4935,3795,5025,3832
1222,4937,3917,4959,3938
1223,4941,1108,5071,1261
1224,4948,3164,4957,3169
1225,4951,3001,5028,3047
1226,4956,2262,4969,2266
1227,4960,3173,4962,3175
1228,4963,2520,5111,2580
1229,4966,1701,5034,1752
1230,4970,2244,4992,2261
1231,4973,3957,4976,3971
1232,4975,2693,5088,2772
1233,4979,3834,5125,3941
1234,4982,3939,4983,3940
1235,4988,3941,4989,3942
1236,4993,2235,4995,2236
1237,4994,2959,5004,2965
1238,4994,3945,5036,3965
1239,4996,1258,5038,1305
1240,5002,3719,5003,3720
1241,5007,2500,5021,2505
1242,5009,2981,5027,2995
1243,5009,3674,5022,3695
1244,5011,2427,5012,2428
1245,5013,3981,5016,3983
1246,5015,2402,5243,2557
1247,5018,3703,5055,3738
1248,5019,2167,5024,2173
1249,5024,2377,5027,2380
1250,5025,2595,5100,2644
1251,5028,2651,5053,2691
1252,5029,3482,5032,3488
1253,5031,2184,5047,2199
1254,5031,3571,5033,3575
1255,5032,3515,5127,3569
1256,5033,1752,5048,1772
1257,5034,2327,5125,2419
1258,5037,1522,5405,1767
1259,5044,3006,5068,3033
1260,5046,3592,5308,3977
1261,5048,2189,5117,2251
1262,5049,1774,5056,1780
1263,5053,2640,5056,2646
1264,5057,1727,5082,1755
1265,5060,3336,5096,3348
1266,5065,3492,5084,3508
1267,5067,2655,5138,2731
1268,5070,2519,5071,2522
1269,5072,1195,5178,1302
1270,5074,1800,5080,1806
1271,5074,3059,5108,3075
1272,5082,3475,5085,3477
1273,5084,3401,5086,3402
1274,5089,2756,5102,2768
1275,5090,1764,5110,1773
1276,5091,2512,5102,2522
1277,5092,1997,5757,2751
1278,5098,1692,5100,1695
1279,5098,1715,5111,1721
1280,5099,3458,5106,3462
1281,5099,4447,5129,4465
1282,5100,1680,5101,1689
1283,5101,1779,5359,1981
1284,5101,2645,5102,2646
1285,5105,2655,5106,2657
1286,5105,3434,5110,3447
1287,5107,3084,5115,3090
1288,5108,2529,5121,2543
1289,5112,3417,5761,4078
1290,5114,1320,5117,1324
1291,5120,3072,5129,3082
1292,5121,2634,5122,2643
1293,5127,2645,5130,2646
1294,5131,1302,5134,1303
1295,5132,1408,5135,1411
1296,5135,2339,5144,2361
1297,5139,3017,5213,3099
1298,5140,1771,5143,1777
1299,5143,1305,5461,1525
1300,5144,1280,5214,1359
1301,5144,3567,5149,3579
1302,5152,2868,5191,2892
1303,5154,3053,5155,3055
1304,5157,2360,5179,2386
1305,5158,3981,5160,3982
1306,5162,3107,5180,3131
1307,5166,2324,5169,2328
1308,5166,2921,5851,3608
1309,5173,3878,5328,4005
1310,5177,4478,5187,4491
1311,5182,3134,5185,3137
1312,5190,2381,5195,2384
1313,5190,2573,5195,2576
1314,5196,4000,5218,4022
1315,5197,2563,5214,2572
1316,5200,2591,5241,2610
1317,5211,4316,5226,4323
1318,5215,3977,5227,3983
1319,5215,4455,5243,4477
1320,5217,4294,5221,4299
1321,5222,1553,5238,1562
1322,5222,2567,5223,2569
1323,5223,3422,5238,3443
1324,5231,3693,6624,4752
1325,5234,4017,5238,4022
1326,5237,3997,5239,3999
1327,5238,4266,5242,4270
1328,5243,4478,5245,4480
1329,5245,1972,5253,1976
1330,5245,3999,5493,4374
1331,5249,3461,5258,3467
1332,5249,3501,5256,3504
1333,5251,4286,5254,4296
1334,5257,2498,5259,2500
1335,5261,4827,5275,4851
1336,5263,2472,5268,2481
1337,5265,2590,5266,2595
1338,5269,1813,5462,2041
1339,5278,2673,5295,2699
1340,5283,4117,5322,4176
1341,5289,3023,5304,3040
1342,5289,4091,5293,4093
1343,5295,3288,5318,3321
1344,5302,4082,5312,4089
1345,5306,4817,5327,4843
1346,5311,3214,5349,3251
1347,5311,3999,5326,4002
1348,5313,3038,5324,3053
1349,5338,2603,5339,2612
1350,5338,3917,5418,3991
1351,5341,3984,5343,3985
1352,5343,4055,5354,4066
1353,5349,4511,5351,4517
1354,5356,4238,5358,4240
1355,5357,1743,5408,1790
1356,5361,4225,5363,4226
1357,5385,4395,5776,4718
1358,5386,1692,5402,1701
1359,5395,1522,5849,2054
1360,5396,1558,5428,1617
1361,5397,4480,5399,4481
1362,5402,1535,5409,1540
1363,5402,4307,5404,4314
1364,5414,4719,5439,4762
1365,5441,1687,5545,1744
1366,5451,4664,5670,4816
1367,5458,2630,5679,2810
1368,5478,2096,5489,2109
1369,5480,4665,5488,4670
1370,5485,1553,5504,1563
1371,5487,2595,5546,2615
1372,5502,2054,5527,2083
1373,5514,4123,5519,4125
1374,5520,2798,5524,2804
1375,5522,3847,5648,3955
1376,5524,4119,5526,4121
1377,5535,4415,5712,4573
1378,5543,4634,5556,4647
1379,5545,4197,6021,4651
1380,5565,2610,5643,2681
1381,5590,4033,5591,4035
1382,5604,3513,5611,3517
1383,5604,3567,5624,3591
1384,5608,3538,5637,3548
1385,5609,3748,5858,3974
1386,5620,4657,5634,4665
1387,5631,3507,5636,3512
1388,5634,2981,5638,2982
1389,5637,3762,5640,3763
1390,5641,3489,5648,3492
1391,5643,2606,5645,2607
1392,5650,3487,5726,3539
1393,5662,2321,6019,2860
1394,5670,3144,5671,3146
1395,5674,4719,5681,4734
1396,5681,4737,5726,4763
1397,5689,2674,5760,2789
1398,5690,3599,5734,3640
1399,5698,3439,5910,3584
1400,5714,3438,5721,3442
1401,5725,1906,6015,2103
1402,5730,1999,5738,2009
1403,5730,4180,5731,4181
1404,5733,2872,6261,3290
1405,5733,4182,5735,4184
1406,5735,2873,5755,2889
1407,5739,3593,5885,3757
1408,5740,4187,5741,4189
1409,5744,4621,6012,4838
1410,5748,2118,6035,2307
1411,5752,4106,5970,4321
1412,5756,3269,6003,3500
1413,5760,2306,5762,2309
1414,5763,2275,5765,2276
1415,5776,2831,5787,2837
1416,5777,2728,5780,2731
1417,5783,4701,5792,4712
1418,5786,4637,5865,4698
1419,5789,2745,5797,2753
1420,5793,2711,5796,2713
1421,5819,1891,5886,1949
1422,5820,3968,5821,3969
1423,5820,4126,5821,4130
1424,5822,2868,5826,2870
1425,5834,2831,5837,2834
1426,5835,3654,5837,3658
1427,5836,4328,5842,4332
1428,5840,2853,5847,2854
1429,5852,1862,5855,1863
1430,5858,3557,6143,3815
1431,5860,2830,5861,2839
1432,5860,3447,5865,3451
1433,5860,4093,5864,4099
1434,5863,1880,5874,1887
1435,5866,3690,5868,3692
1436,5868,3771,6031,3910
1437,5870,4349,5881,4364
1438,5871,1852,5872,1853
1439,5873,2442,6830,3079
1440,5874,3250,5878,3252
1441,5876,3465,5886,3467
1442,5879,2321,5899,2340
1443,5882,4335,5889,4342
1444,5883,4599,5905,4609
1445,5889,3473,5893,3478
1446,5890,4329,5896,4335
1447,5895,3674,5936,3700
1448,5897,3249,5899,3250
1449,5900,3699,5956,3742
1450,5908,2019,6473,2776
1451,5909,3760,5943,3792
1452,5928,3514,5946,3527
1453,5959,3480,6144,3605
1454,5959,3739,5966,3753
1455,5966,2060,6069,2124
1456,5967,2500,6025,2529
1457,5973,3246,6201,3528
1458,5982,3720,5988,3735
1459,5984,2985,5988,2993
1460,5985,1943,6032,2003
1461,5990,2776,6015,2806
1462,6006,3449,6036,3491
1463,6010,4337,6946,5059
1464,6017,4338,6019,4339
1465,6020,4770,6023,4777
1466,6023,4760,6026,4768
1467,6032,2767,6049,2780
1468,6037,4338,6040,4342
1469,6039,1998,6107,2093
1470,6042,2257,6044,2261
1471,6059,3608,6060,3610
1472,6093,2129,6105,2145
1473,6095,3537,6178,3601
1474,6106,4947,6115,4949
1475,6111,2860,6137,2898
1476,6114,4904,7098,5117
1477,6117,2918,6200,2975
1478,6117,4949,6129,4959
1479,6127,2106,6130,2114
1480,6129,4034,6269,4144
1481,6137,4932,6138,4933
1482,6157,2872,6162,2873
1483,6157,3660,6204,3718
1484,6162,2896,6175,2916
1485,6178,3597,6373,3686
1486,6181,3091,6344,3151
1487,6185,2885,6240,2956
1488,6187,2295,6216,2306
1489,6187,5112,6201,5126
1490,6188,2171,6194,2184
1491,6189,3879,6216,3902
1492,6194,4975,6200,4976
1493,6195,3501,6355,3624
1494,6196,2162,6204,2167
1495,6201,2847,6510,3110
1496,6202,3303,6279,3494
1497,6202,3512,6248,3535
1498,6207,3485,6217,3488
1499,6207,3906,6214,3914
1500,6212,2152,6391,2253
1501,6216,4355,6246,4386
1502,6218,2268,6227,2280
1503,6220,1982,6658,2173
1504,6220,2174,6229,2184
1505,6224,4172,6230,4174
1506,6226,5105,6242,5123
1507,6232,2042,6241,2048
1508,6233,3869,6242,3871
1509,6238,2187,6242,2189
1510,6242,2796,6273,2827
1511,6243,3185,6247,3189
1512,6245,2967,6276,3002
1513,6249,4503,6254,4512
1514,6255,3148,6521,3463
1515,6256,4134,6257,4135
1516,6261,2267,6262,2275
1517,6265,4567,6267,4569
1518,6273,2785,6277,2793
1519,6273,3015,6275,3017
1520,6276,3453,6354,3511
1521,6278,2782,6279,2783
1522,6279,3229,6293,3231
1523,6285,3698,6397,3786
1524,6310,3543,6311,3547
1525,6310,3946,6316,3961
1526,6317,3530,6322,3536
1527,6331,3923,6343,3940
1528,6336,3559,6337,3560
1529,6340,3851,6473,3970
1530,6344,3547,6365,3557
1531,6347,3922,6350,3923
1532,6350,3022,6815,3443
1533,6360,3439,6460,3519
1534,6367,3683,6378,3694
1535,6369,4441,6375,4442
1536,6376,3361,6658,3793
1537,6383,3622,6424,3644
1538,6384,3856,6388,3860
1539,6393,3671,6408,3682
1540,6403,2174,6729,2637
1541,6412,3684,6415,3691
1542,6412,3696,6454,3766
1543,6415,3831,6416,3834
1544,6423,2879,6472,2918
1545,6449,3006,6454,3012
1546,6451,3787,6452,3788
1547,6452,3418,6465,3426
1548,6476,3398,6524,3428
1549,6480,2941,6481,2942
1550,6481,2579,6495,2594
1551,6494,2804,6549,2889
1552,6497,4937,6521,4974
1553,6500,4021,6622,4131
1554,6501,3209,6503,3224
1555,6509,3012,6511,3014
1556,6510,2902,6512,2904
1557,6511,3428,6523,3431
1558,6512,3014,6513,3015
1559,6515,2602,6518,2606
1560,6523,2915,6583,2965
1561,6531,2808,6534,2813
1562,6532,3016,6548,3032
1563,6538,2896,6540,2898
1564,6555,2960,6806,3216
1565,6560,3754,6717,3977
1566,6565,4347,6579,4354
1567,6568,3007,6569,3008
1568,6571,5040,6642,5089
1569,6574,2723,6693,2822
1570,6575,2977,6579,2979
1571,6582,4145,6583,4146
1572,6582,4362,6584,4363
1573,6585,4359,6638,4392
1574,6597,4291,6726,4373
1575,6597,4091,7629,4652
1576,6602,4154,6607,4165
1577,6606,4174,6608,4176
1578,6611,3648,6818,4086
1579,6616,4075,6846,4278
1580,6617,4181,6621,4184
1581,6618,2156,6619,2157
1582,6619,2158,6635,2164
1583,6631,4336,6636,4342
1584,6633,3562,6653,3589
1585,6634,2132,6635,2133
1586,6635,2134,6636,2135
1587,6635,4253,6770,4368
1588,6641,1966,6670,1978
1589,6641,2911,6642,2913
1590,6644,2913,6656,2923
1591,6647,1906,7151,2189
1592,6655,2827,6756,2982
1593,6656,3412,6775,3585
1594,6657,3611,6666,3618
1595,6679,4948,6763,5011
1596,6684,3559,7384,4177
1597,6691,1970,6699,1981
1598,6701,2826,6709,2828
1599,6704,1983,6708,1986
1600,6705,3976,6706,3977
1601,6708,2194,6726,2212
1602,6710,3970,6759,4006
1603,6711,4384,6733,4402
1604,6718,2877,6941,3011
1605,6725,4080,6734,4096
1606,6727,4932,6728,4933
1607,6737,4613,6738,4614
1608,6738,2014,6833,2093
1609,6743,2127,7343,2876
1610,6745,2867,6752,2872
1611,6748,3990,6833,4109
1612,6751,4364,6788,4423
1613,6752,4912,6764,4938
1614,6759,2799,6760,2800
1615,6759,4127,6765,4129
1616,6762,3589,6767,3599
1617,6764,2950,6765,2951
1618,6767,2868,6799,2891
1619,6769,4119,6790,4126
1620,6781,4931,6789,4941
1621,6784,4278,6790,4281
1622,6785,3032,7455,3726
1623,6789,2909,6802,2917
1624,6789,2972,7122,3310
1625,6794,4619,6802,4622
1626,6795,4948,6813,4967
1627,6803,4039,6845,4064
1628,6810,3004,6813,3018
1629,6812,4251,6845,4291
1630,6812,4287,6813,4288
1631,6814,2002,6818,2005
1632,6818,2884,6833,2895
1633,6824,3312,6836,3320
1634,6832,2851,6835,2854
1635,6834,2816,6837,2817
1636,6841,2681,6849,2685
1637,6841,2817,6853,2829
1638,6841,2871,6845,2873
1639,6842,2035,6843,2038
1640,6846,2847,6852,2850
1641,6847,4220,6855,4227
1642,6850,2613,6857,2632
1643,6854,4290,6866,4306
1644,6861,3991,6936,4020
1645,6869,4166,6954,4277
1646,6870,4315,6871,4323
1647,6874,4342,6915,4385
1648,6886,3627,6906,3636
1649,6892,4289,6903,4304
1650,6898,3039,6900,3043
1651,6901,3326,6903,3329
1652,6905,2909,6909,2914
1653,6908,3598,6910,3605
1654,6909,4134,6916,4139
1655,6910,4215,6984,4287
1656,6919,4192,7241,4457
1657,6925,4080,6994,4160
1658,6938,4535,6971,4575
1659,6941,4637,7006,4694
1660,6943,4695,6945,4699
1661,6947,2876,6984,2904
1662,6951,4630,7382,4950
1663,6960,2839,7234,3017
1664,6967,4978,6974,4983
1665,6989,4158,7008,4176
1666,6996,2838,6998,2842
1667,6999,2830,7004,2836
1668,7003,2771,7201,2871
1669,7009,4612,7010,4613
1670,7013,4984,7048,5009
1671,7015,4217,7024,4224
1672,7018,4952,7094,4980
1673,7025,4189,7040,4217
1674,7074,3021,7105,3067
1675,7077,2977,7088,2986
1676,7079,3009,7080,3010
1677,7098,4937,7101,4942
1678,7101,4907,7447,5034
1679,7118,3002,7129,3019
1680,7139,3210,7142,3216
1681,7162,4159,7164,4161
1682,7163,4001,7455,4201
1683,7166,4167,7176,4171
1684,7172,4049,7197,4066
1685,7184,4629,7186,4630
1686,7216,3004,7270,3040
1687,7224,2803,7287,2905
1688,7238,4649,7246,4655
1689,7250,2748,7476,3077
1690,7250,3990,7260,3993
1691,7278,4195,7283,4198
1692,7283,3958,7332,4014
1693,7285,4158,7293,4169
1694,7286,2633,7421,2759
1695,7290,3452,7298,3468
1696,7294,2773,7310,2785
1697,7296,4179,7298,4181
1698,7297,4444,7522,4659
1699,7303,3468,7308,3476
1700,7309,4198,7315,4211
1701,7312,3209,7778,3639
1702,7322,4763,7328,4783
1703,7328,4759,7333,4762
1704,7330,3709,7352,3720
1705,7335,4758,7336,4759
1706,7342,2763,7344,2773
1707,7342,2841,7612,3225
1708,7342,3902,7623,4143
1709,7347,4506,7629,4892
1710,7358,2611,7361,2612
1711,7359,3719,7366,3730
1712,7372,4737,7374,4744
1713,7375,3778,7377,3788
1714,7384,4030,7386,4033
1715,7386,2818,7391,2821
1716,7387,4884,7388,4885
1717,7389,4691,7400,4698
1718,7390,4720,7393,4724
1719,7391,3637,7562,3880
1720,7399,3891,7479,3915
1721,7402,2832,7405,2837
1722,7402,4699,7409,4707
1723,7403,3572,7410,3582
1724,7410,2790,7438,2837
1725,7410,3743,7412,3745
1726,7410,4663,7412,4667
1727,7422,3023,7425,3028
1728,7423,4841,7621,4999
1729,7425,3738,7431,3740
1730,7426,3028,7433,3035
1731,7448,4605,7461,4617
1732,7451,4633,7452,4634
1733,7457,3514,7827,3742
1734,7464,3052,7480,3062
1735,7468,3063,7509,3110
1736,7471,3829,7478,3845
1737,7478,3939,7479,3940
1738,7482,3826,7485,3827
1739,7486,3915,7488,3917
1740,7498,3701,7804,3994
1741,7506,4148,7508,4150
1742,7517,3176,7630,3269
1743,7525,4008,7737,4414
1744,7537,3870,7574,3896
1745,7555,4820,7571,4848
1746,7564,3252,7575,3274
1747,7622,3990,7671,4018
1748,7627,3268,7688,3367
1749,7660,3498,7689,3536
1750,7693,3520,7695,3521
1751,7704,3415,7719,3433
