,uuid,minr,minc,maxr,maxc
1,e9548225-f1f4-4f73-8454-58bcecbdbf6d,294,3766,622,4196
4,638b6f52-5e3d-42a2-a5b1-486033052fd3,331,3171,900,3610
9,c3ae89fc-318c-4f39-aaf1-416d01fcd411,409,2855,733,3092
27,9bb7a0d6-6777-4880-a40e-87987ec0c31f,537,5335,899,5945
30,67e95ceb-8e4b-44d4-8630-5db5b7e76d9d,550,4179,1097,4638
33,df04f5aa-4f47-45bc-9705-b6e098a3168f,577,4897,1133,5317
42,dbc3efc6-2783-4fd1-b0b1-2b86d8af7482,609,1639,1015,2199
44,1971677d-0b26-4fb5-b86f-60406c778f63,630,4017,988,4253
47,f612c249-9f9f-474c-9c21-31df38d30452,648,5645,946,6091
55,9e0cac2a-3d32-48a2-aa63-0469410ce092,717,2578,1059,2937
64,21236412-3395-43ea-9373-09b8ab721fee,768,4574,1085,4928
68,b9407d31-3b71-4630-b7f0-23e2ae302b2d,779,6793,1219,7163
73,7658c7e2-9646-4418-b900-efcb7fb390b0,800,1601,1277,1923
78,c734d4fd-8810-45ce-8a10-c236c0a891e1,810,5929,1445,6803
86,923a99d7-160d-494f-b5c9-620fb66424f4,834,981,1163,1511
92,6020c9ad-431f-4b64-87e8-257731097206,870,3623,1322,4094
101,cf21a80f-1dd9-4e81-a01e-4a09e891a79a,915,2395,1322,2711
106,6fbda893-1126-4e1a-afd2-adca7ce6a133,939,3084,1541,3653
115,1e6cf99b-5b52-4854-859d-27100c6435e1,998,4072,1229,4317
141,0e63b6f3-37ec-4756-8275-4fc5fe79bb3d,1108,2866,1684,3246
155,dff10268-328d-4f45-a171-339895be3255,1172,4356,1574,4836
166,c80665d5-6863-4010-a4b4-cfb289cbcf95,1214,6355,1741,7046
172,ac9b8e0c-c750-4a14-9206-130ccf9519aa,1262,2321,1607,2743
185,d17b8237-e749-47aa-afa1-d6ebd1cb7ad3,1359,3894,1620,4159
186,7ded4399-4bcf-4a06-81e2-a077eacba055,1361,4929,1662,5236
211,a0f076c4-c73b-482d-a134-519470589f43,1441,1937,1830,2445
219,8060538e-57ac-4bd2-899a-08822cfcbef3,1474,4103,2033,4610
223,320cab82-ea17-43ae-9b49-2c0a66e0441b,1481,5685,1735,5934
229,5226524c-36aa-4c77-9724-2dbf22171be2,1501,4911,2121,5428
230,a2827b71-c570-422c-b246-d6ed6d25a279,1513,2253,2030,2852
233,a733e302-3837-4467-a358-d547e27bc5d5,1525,3229,1950,3789
235,ea48b227-69f6-4ae1-9d43-04f000e044c2,1540,5443,1793,5712
248,d9134dcc-1615-4a3e-b801-59cd6adaf6cc,1607,1569,2004,1971
252,74f370d4-8a45-49ff-88fa-14eefcf52bb1,1617,5914,2029,6300
269,074b15af-cb54-4355-8e5e-590d60ba12a9,1681,5567,1926,5851
278,b431acd2-f393-42ba-85ce-097265d374ac,1783,632,2133,932
287,b3b86e2d-4dff-497e-a14e-b9b4331c925e,1832,1186,2183,1704
300,127d9814-ea9f-4552-a190-6ceab2388923,1873,4803,2397,5066
302,5890ab8a-55e7-497a-8067-1de3334ab26c,1883,5688,2109,5947
304,d59887e0-5b44-4541-a853-5af7d19bb597,1901,3020,2440,3748
306,e27e58e0-8914-4c56-a3fa-5bafdaed819a,1922,4535,2359,4849
315,8f42774b-9421-40c2-b4fa-d02a2b5b2ba3,1962,4993,2205,5315
319,762084a2-6836-497b-95a9-06aed14ffc57,1973,2083,2349,2426
323,b43f87e3-3dd2-481c-aa55-5ad4b8def08d,1985,2437,2451,2985
327,8f52661b-ab96-4bbb-9035-cab47d4b5dca,1994,4059,2324,4577
351,c6fd2690-771f-4351-8f87-ee385b16b13b,2093,1452,2538,1743
361,29baa7a3-ef27-468c-a357-954a3172e613,2116,477,2472,885
363,b9422771-bade-4384-b52c-3d63a17cfc5a,2121,1097,2425,1357
386,85231a43-004b-43fd-8570-e961a33aa178,2222,3622,2491,3986
398,8a1b59d7-1967-4158-a162-62033d552989,2284,2065,2753,2358
401,9104f625-8aef-4345-ba55-bfce7344c858,2306,686,2664,1102
407,a5d6fa5b-f69f-412a-acf2-91b32087913e,2332,2343,2701,2684
416,92d69f41-ebee-4d23-9de6-f9635f0f2ec0,2363,4633,2613,4937
417,4c283e1c-4741-4cb1-b0f6-37754b9b6c5f,2369,2787,2845,3349
429,1b1eb1ec-f8b3-4d65-ae1b-e7ad1089a088,2416,3361,2774,3908
441,13c7fc41-5a48-40e6-87db-3289910870f9,2471,451,2863,861
446,42f82292-9496-49eb-9cb5-b43e4ad4656d,2490,307,2780,546
451,52c62cd6-58f8-48b5-83fd-d0d83e0326c6,2519,3980,2942,4432
452,23edf482-02f2-44c9-9f8f-b558c81b5614,2525,6318,3062,6857
467,e6ec75ff-1d92-46ab-9245-9aaf79704fd1,2557,3229,2798,3546
473,79c85634-4d77-4cbe-8ad7-88084b61fa5a,2590,1544,3341,2090
486,6a5edd53-0eb2-4a28-9420-333cb1229e69,2647,2231,3193,2753
491,049f4b03-af32-436f-8db8-00049657f4a8,2677,4970,3006,5220
492,0fe5813c-6866-4aa9-bceb-9c54530f289b,2680,5724,3019,6161
495,84d719b5-2edb-45e1-9212-762c3d05007c,2686,806,3163,1230
497,9ce55b08-16ec-4283-b95b-6cda8ac553df,2689,6120,3072,6387
509,32919afe-a722-4ae1-82a5-32a674f946e4,2718,4454,3202,4855
510,56480ca9-69cb-4686-b76c-69e4fd89d268,2722,1944,3010,2308
514,22fe73ea-6fbe-4ef8-a00c-17469d05bbae,2755,411,3414,925
516,5038552d-864e-4bc0-8348-d9abb0498704,2760,2695,3042,2993
531,fa6b8efe-0ebf-4422-a49d-1a3ea3da3d6d,2854,3539,3421,4043
532,5273c19a-9ae2-4f83-a5d9-f5a12ae3727f,2858,6205,3208,6665
537,043b9617-185a-401c-a3c9-55c27a8e721b,2871,4130,3212,4458
544,718cb770-3dc0-46b5-90c8-79f7a08a9771,2919,4773,3156,4999
553,d246069d-9304-436d-bdeb-03c10e14064a,2967,5015,3422,5301
555,ad751c72-83d6-4201-8378-4d2a03b00e67,2973,3352,3254,3595
568,aee0800e-3ead-4f66-b43a-d7396b5c3f7a,3029,5491,3507,5888
576,2f851844-64c3-46b5-9f7c-70b545e9a9e2,3040,5900,3386,6201
584,73feb5f7-c757-483e-b171-cf1a8fd81630,3055,6610,3510,7039
586,036e50e9-0645-4cd3-bd49-13654867d857,3062,2607,3388,2977
588,56c746ec-102d-4047-843d-58ae4da64207,3070,5274,3469,5500
589,635a29b7-55df-4924-bf10-2f3495beb2b6,3072,1787,3697,2241
614,40d0dd6f-a2b5-43e9-85c4-b593b1ff5dd3,3171,4147,4054,4970
617,653e137d-ff32-45d4-83a7-2945cf72d9fa,3186,1168,3617,1544
631,e3b36eab-4cc7-45ba-b7bc-829265e71f9f,3228,3279,3464,3541
662,09126e93-6b96-40a9-a484-204392e4e02a,3352,5892,3919,6305
664,c2096258-52c7-4fe5-a8c7-1c8b1d22d56c,3356,4905,3851,5273
675,da983316-b31c-4038-9b17-c9519cda39bf,3376,6308,3940,6940
678,ea8e1c33-c886-4e27-8d2e-3212b5d3618b,3392,596,4115,939
680,6c1b97de-5af2-443a-8e95-c835c6b2e245,3400,3549,3869,3956
684,ee7c1231-1f3b-4e27-a772-6171008c5513,3422,784,3769,1225
685,0b68a36c-897f-4718-9a5d-d064d8681ba1,3439,2663,3713,2961
700,a7c5ab2e-6a37-4a85-a256-021d9ad1017b,3493,3931,3755,4175
701,4305f77a-5010-41bb-a3cd-1deae9e04b3e,3502,1410,3789,1718
711,f9542766-180e-47be-be33-9f296f11b6d9,3603,1656,3992,2086
723,5c4eb70c-342f-44b5-b96f-b8e83e4b40b7,3657,5398,3979,5644
734,5f135262-996d-4f41-b2e6-03e0c670936f,3701,815,4013,1251
743,d5e359e8-6c8f-4556-88b6-d904195968ca,3786,6105,4120,6428
747,4ad1af96-4489-4c04-a210-1f7f89f2125b,3806,5489,4443,6055
772,ec83673b-81ea-465e-b7f9-a71421c94508,3910,3036,4293,3430
791,cec90e51-3ff5-4a22-ad52-edba9f602adb,3974,4765,4376,5092
799,828c8a28-17e0-43e1-b807-8928403da898,4005,5039,4425,5499
801,22ba56c3-3da7-4995-aa73-97de43b9d6ab,4018,3830,4423,4315
805,b4eb73fe-d7fd-4571-9db0-4d862cacf79e,4033,2716,4372,2965
808,1a232f14-d9f3-4c0f-9901-8455751ef37d,4049,658,4287,935
816,d6bf9cf9-d85b-489c-95f5-3c2cf7275079,4084,2367,4399,2714
817,64deebd5-a009-482b-a2f4-b5d53ae6a74a,4088,1697,4407,2088
818,1e593819-2ef0-402e-967f-3935e28b5c3b,4090,5263,4651,5710
820,15901045-e0aa-410f-937d-65a2c69a08af,4095,4482,4421,4779
821,449414cd-3f64-43fc-b092-825565092c3b,4098,6015,4406,6370
830,1a8db668-65f5-4590-8c3b-de5e70037f6a,4122,3572,4411,3863
835,dc570df3-a836-4541-9bee-739584eff0c6,4142,6470,4498,6701
848,fa265d2e-e5d2-4276-a7e2-a9c7f6751240,4263,679,4596,944
849,16a68580-84e3-479a-97e2-8ff1da16a5bd,4267,6039,4544,6278
860,64a6c96f-2936-43f9-854d-06078922665a,4322,1345,4928,1810
861,1939fc1d-90a3-411c-a717-228dcc71de82,4322,4548,4794,5208
868,f00b0ffe-9559-4b5e-a164-7bb236f4a767,4356,1818,4583,2213
872,939e8c9c-2c20-450b-9e10-e55b3b6614c2,4375,7055,4770,7281
874,7a5d1504-2be9-42bf-ba67-7ecc93c1b475,4376,3922,4606,4185
889,460ab29f-1c37-47f5-91c4-d627e54c3669,4436,5324,4981,5787
912,e56c8b8f-33e2-4921-9c47-f39fb91eeb04,4527,6395,4825,6675
914,9aab7e39-e486-4424-a14b-f1aaecdd7d7e,4533,3180,4950,3671
932,54ef0959-3cf9-4078-b52d-badb99b829a7,4585,2628,4933,2936
938,35c5975e-2e28-4739-958d-85dccbb38e78,4618,5973,4911,6267
940,d0b9cba2-579b-48f3-b686-abd52b10431e,4625,4142,5390,4832
945,db04def8-e24f-4551-854c-5a8944af6803,4643,2127,5044,2486
958,c062c190-f4c1-4685-aa96-30d226ca3e4e,4710,6964,5186,7301
960,9dac1315-131c-4b61-a622-e712bd4bf503,4712,1140,5253,1537
966,9d30a70f-a430-4ebc-b865-011eaa7c57c9,4733,6580,4986,6969
970,8f2ed78a-6d4a-4eb6-a349-607076c45c47,4766,1870,5074,2123
976,f46ea3b3-f0ae-49fe-bfd3-94a4e7c14699,4793,4841,5059,5089
981,ef8236a9-5084-48cb-95dd-566993237403,4824,6075,5168,6559
987,70ad6851-ae8f-457e-9cc5-d2258caf0dbd,4836,2844,5149,3249
991,4bb82e96-ee43-4bf0-a569-51ed8901df2a,4850,3406,5320,3788
1001,0418905f-265a-4c26-87e4-164e977cd585,4897,5350,5271,5817
1010,c95e9117-def9-4ec6-a569-fdb4cff834ad,4946,2341,5271,2673
1012,a63a4e89-bebd-40ff-b4e6-b6019906b86a,4954,6499,5410,7158
1015,86fb6b1b-9819-44f8-b93f-a2a08deb46dd,4966,3699,5222,4135
1021,c0d72aef-91ee-4073-b65f-880edd628850,4988,2610,5767,3122
1022,279b0232-43d6-40a6-bf09-9977d9226d56,4992,862,5334,1313
1034,6065a28d-628e-4baa-a656-934aef4a147b,5064,1811,5521,2276
1045,2f347963-2c7d-46ca-9743-e9d32791fadf,5104,6157,5509,6682
1046,f8f28b3e-f736-41e1-985d-5e771a19b1e2,5105,3845,5452,4329
1074,b16dd89f-a02c-44b3-83c1-5eb5db891d83,5220,3607,5583,3842
1079,677575c6-bf1e-41a2-b37d-93bf62dfcf63,5243,1418,5543,1811
1084,d71b7978-4381-4c04-a3fa-8680b97ff8c3,5260,2139,5616,2574
1092,2078ddb2-1274-478e-85f6-a8a4c9cff191,5300,5861,5831,6341
1095,731fa995-c6fe-4202-864d-365e4ed13035,5314,6972,5546,7280
1097,34d5faba-2465-4df1-a2dc-91e4a57b8bd0,5324,3388,5821,3666
1105,d1dd5e71-fd54-4990-85d5-cc0142529585,5347,1076,5696,1372
1113,d527190f-e590-464d-bcfa-c6bcb546b011,5391,3160,5776,3450
1114,08982a9f-774f-43b2-837c-3b59d45ec1bf,5392,6735,5750,6971
1122,effe9fde-96ac-4288-b4ae-f47b2b7a10cd,5461,1486,5882,1793
1135,6521a31c-72ec-406a-9f04-3fcc27d65d21,5497,3900,5871,4447
1145,5824c919-b2e2-4225-9fc7-fe2d29a76981,5536,6501,5957,6770
1161,f8b430b8-9b12-4398-af84-af3cb8fc1425,5594,2695,5869,2954
1171,2a9d66ec-decc-4e8f-b022-9e883cd218a2,5616,5406,6011,5793
1176,ba9fd875-5318-40d4-ad00-1886875029bb,5631,3618,5953,3913
1177,24d23af4-6961-4801-8709-4c2e7df07808,5640,6190,6059,6516
1180,020bf931-f12c-4c1a-b02e-ee3779c03ea3,5661,5039,5936,5322
1182,8e30e8df-0ee8-4f07-b00d-a8c7f7fda042,5669,952,6087,1491
1195,974f4dc7-5b1c-486a-95a7-a3494e6ab096,5728,4276,6095,4628
1205,b82be3f3-f992-4b5f-832c-3519e5c09907,5761,3371,6084,3638
1215,a8d12648-326c-4bbd-a4ee-76efb4461041,5798,5738,6082,5982
1234,df80ae01-2cb5-43c6-b7c5-f53c57300d3f,5869,4033,6112,4259
1258,1ee55eab-634c-4626-8dd6-ab36348b8335,5938,6246,6245,6485
1263,b1797539-d1b1-4ad8-af55-e48863fdc1b9,5953,5219,6433,5793
1273,57ede965-f170-414e-a5db-c0a9e3ebbc4d,5989,1196,6483,1521
1290,02367f9b-342b-4a0a-b3a0-de77495f6a0d,6048,4917,6373,5235
1292,a6281088-a9bd-4f96-887a-1d202ce26818,6064,2034,6291,2276
1317,5c64ba9f-4eef-4227-adb7-3b412408c13d,6109,1809,6390,2042
1319,e6157a36-194f-4487-9143-f55d1345f3e5,6113,6724,6339,7018
1329,6b6037b1-5f81-4122-af33-ef6d47c423d5,6133,1398,6403,1667
1335,f5eb8eeb-58cb-4acc-9301-aa6af70254e1,6149,6457,6517,6899
1336,483c0471-592e-4a6e-9879-5ff814b4e443,6154,4070,6559,4458
1352,3c908588-6931-4597-9b75-41f84e64d430,6226,515,7048,772
1355,47a8a4ac-ccde-4492-b519-5d451569974b,6231,877,6601,1181
1357,0918b519-2e7b-45e7-9977-0e0239585396,6232,7031,6557,7312
1365,aecf57a8-9821-4014-8098-223441f17c5a,6267,3200,6620,3475
1366,406bf4b6-f7ed-4866-9041-c86e23caccbf,6270,1424,6724,1807
1386,521faa60-c776-48b3-b94b-7a833f2f480f,6373,6203,6602,6484
1395,a8b730ff-692d-439b-a26a-026702657c94,6394,2991,6716,3251
1405,021c9bc1-d6df-47a1-8c8f-768281888e22,6430,5220,6756,5676
1419,fdeede8d-4405-4a27-b2f2-441eafed628d,6467,6343,6809,6676
1425,ed35b518-d2f4-47fa-a6fb-36ce5f334243,6488,4232,6768,4759
1426,714d72a5-1421-4a44-b607-04f65c413d64,6489,2645,6804,2955
1451,f570b409-8d85-430d-9f18-28dc764a4b8a,6573,4991,6949,5407
1458,77f51c6e-8f3b-43d4-9624-dcd9d41a06be,6605,3132,6887,3464
1474,9eed08fa-e78a-4b11-a021-0db87e27570c,6666,4318,7075,4831
1476,9a91402a-21d5-4eb5-9bc6-b7d2407f62f1,6667,2564,6919,2798
1478,dba6186a-3ec9-471f-8072-1b500c136c27,6672,4014,6912,4289
1484,67a88b02-ae23-4b06-9490-b98ae2f97a3e,6692,5471,7149,5744
1498,c71436ca-71a7-4343-af43-7dfd73c30be0,6739,1765,7340,2046
1504,3eaf54bb-c973-47f4-b542-a0aa595fdea4,6762,2246,7134,2684
1529,08ba516d-8d75-47e7-8656-5bd4a8bc3876,6817,542,7179,822
1533,d7b14697-e6b9-4020-b6ee-a88e3ee38334,6832,2001,7442,2559
1552,5c5f12e2-f015-4998-9996-deec269f07a1,6897,1224,7168,1501
1578,53ce4e98-aa88-4049-8566-3f84e8541878,7001,2949,7228,3199
1579,bf7cb03c-366b-4371-bed3-0256e2aab7da,7002,6948,7357,7229
1584,91376415-6337-44ec-832d-321d56dd2309,7021,6043,7331,6403
1591,68758424-9c33-4803-a769-b9e24c0b7327,7043,5044,7473,5454
1608,f4141d78-2b5e-4b44-ad13-202d46327bb3,7093,7240,7535,7473
1613,e63d11b0-5838-4be0-9db6-28439f746b13,7113,4296,7371,4597
1616,7a81351c-3178-4f24-a5f2-64c0c013be6b,7129,4061,7435,4330
1621,9982af7a-a19c-4509-91bf-36328b884ada,7140,3479,7613,3835
1622,b6f33e24-4056-4abd-ba04-c2d7f8b2fd31,7140,6189,7417,6490
1626,a4b965fc-136d-43c6-87f7-9c738ebb2cf3,7158,5816,7573,6166
1632,d8d1e039-f0d1-4de4-a2a2-5e45bd122fc8,7201,2936,7518,3319
1640,39eea4b5-052a-4a00-836a-183139b5c1ac,7258,6826,7506,7200
1653,f94eeffc-cea4-43d1-a9d2-667ef16fd6f8,7297,5522,7692,5819
1657,7583de7d-fc00-4cf6-9371-664c7535efd4,7323,1796,7572,2178
1672,c03a2b9d-7e9e-4928-9afa-9f865c484719,7387,6512,7800,6906
1676,1130bf06-8f72-4a29-b876-16b4353221fa,7398,6127,7673,6479
1678,d41472ba-8f95-4042-a805-0f9099b6f3ef,7406,4543,7669,4778
1679,982074f6-ee7f-4669-976d-d66af029fecf,7410,1497,7697,1928
1680,08a61722-102c-49b8-8e63-2baf715b9237,7411,4733,8022,5270
1686,268aa0ef-4df7-4889-93ae-ff9748818559,7445,3907,7689,4178
1703,1ad9692c-5ac6-43e5-a6d0-0e314307fe90,7521,6911,7841,7136
1717,ecf9bf01-cb49-4aa3-932e-aa586efdab4c,7551,5933,7889,6186
1744,1fcf06b8-820f-43c4-bd97-0670c83be215,7626,5277,7884,5583
1747,ed60f2b4-d37e-4c21-ac11-c7cccf636f46,7647,3931,7952,4325
1751,4a504bb8-0e22-422f-8ae8-c4049838f8fd,7653,3591,7902,3901
1757,f86dede4-c26c-47c1-8d84-fff1f74f396b,7683,6164,8041,6431
